{"nm":"Arrow-right","ddd":0,"h":500,"w":500,"meta":{"g":"LottieFiles AE 0.1.20"},"layers":[{"ty":4,"nm":"Arrow","sr":1,"st":0,"op":73,"ip":0,"hd":false,"ddd":0,"bm":0,"hasMask":false,"ao":0,"ks":{"a":{"a":0,"k":[244,244,0],"ix":1},"s":{"a":0,"k":[100,100,100],"ix":6},"sk":{"a":0,"k":0},"p":{"a":0,"k":[250,250,0],"ix":2},"r":{"a":0,"k":0,"ix":10},"sa":{"a":0,"k":0},"o":{"a":0,"k":100,"ix":11}},"ef":[],"shapes":[{"ty":"gr","bm":0,"hd":false,"mn":"ADBE Vector Group","nm":"Arrow","ix":1,"cix":2,"np":2,"it":[{"ty":"sh","bm":0,"hd":false,"mn":"ADBE Vector Shape - Group","nm":"Path 1","ix":1,"d":1,"ks":{"a":0,"k":{"c":true,"i":[[0,0],[0,0],[0,0],[0,0],[0,0],[0,0],[0,0],[0,0],[0,0]],"o":[[0,0],[0,0],[0,0],[0,0],[0,0],[0,0],[0,0],[0,0],[0,0]],"v":[[145.762,-0.011],[22.366,-124.282],[-10.065,-91.851],[59.406,-22.943],[-145.762,-22.943],[-145.762,22.923],[59.428,22.923],[-10.065,91.851],[22.366,124.282]]},"ix":2}},{"ty":"fl","bm":0,"hd":false,"mn":"ADBE Vector Graphic - Fill","nm":"Fill 1","c":{"a":0,"k":[1,1,1],"ix":4},"r":1,"o":{"a":0,"k":100,"ix":5}},{"ty":"tr","a":{"a":0,"k":[0,0],"ix":1},"s":{"a":0,"k":[100,100],"ix":3},"sk":{"a":0,"k":0,"ix":4},"p":{"a":1,"k":[{"o":{"x":0.25,"y":0.691},"i":{"x":0.5,"y":1},"s":[243.811,243.811],"t":15,"ti":[0.002,0],"to":[6.031,0]},{"o":{"x":0.5,"y":0},"i":{"x":0.75,"y":0.309},"s":[280,243.811],"t":35,"ti":[6.033,0],"to":[-0.002,0]},{"s":[243.8,243.811],"t":55}],"ix":2},"r":{"a":0,"k":0,"ix":6},"sa":{"a":0,"k":0,"ix":5},"o":{"a":0,"k":100,"ix":7}}]}],"ind":1},{"ty":4,"nm":"Circle","sr":1,"st":-1,"op":72,"ip":0,"hd":false,"ddd":0,"bm":0,"hasMask":false,"ao":0,"ks":{"a":{"a":0,"k":[244,244,0],"ix":1},"s":{"a":0,"k":[100,100,100],"ix":6},"sk":{"a":0,"k":0},"p":{"a":0,"k":[250,250,0],"ix":2},"r":{"a":0,"k":0,"ix":10},"sa":{"a":0,"k":0},"o":{"a":0,"k":100,"ix":11}},"ef":[],"shapes":[{"ty":"gr","bm":0,"hd":false,"mn":"ADBE Vector Group","nm":"Ellipse 1","ix":1,"cix":2,"np":2,"it":[{"ty":"sh","bm":0,"hd":false,"mn":"ADBE Vector Shape - Group","nm":"Path 1","ix":1,"d":1,"ks":{"a":0,"k":{"c":true,"i":[[-134.653,0],[0,-134.653],[134.653,0],[0,134.653]],"o":[[134.653,0],[0,134.653],[-134.653,0],[0,-134.653]],"v":[[0,-243.811],[243.811,0],[0,243.811],[-243.811,0]]},"ix":2}},{"ty":"fl","bm":0,"hd":false,"mn":"ADBE Vector Graphic - Fill","nm":"Fill 1","c":{"a":0,"k":[0.0314,0.3412,0.9647],"ix":4},"r":1,"o":{"a":0,"k":100,"ix":5}},{"ty":"tr","a":{"a":0,"k":[0,0],"ix":1},"s":{"a":1,"k":[{"o":{"x":0.333,"y":0.833},"i":{"x":0.667,"y":1},"s":[98,98],"t":15},{"o":{"x":0.333,"y":0},"i":{"x":0.667,"y":0.167},"s":[100,100],"t":35},{"s":[98,98],"t":55}],"ix":3},"sk":{"a":0,"k":0,"ix":4},"p":{"a":0,"k":[243.811,243.811],"ix":2},"r":{"a":0,"k":0,"ix":6},"sa":{"a":0,"k":0,"ix":5},"o":{"a":0,"k":100,"ix":7}}]}],"ind":2}],"v":"5.5.7","fr":60,"op":70,"ip":0,"assets":[]}